{
  "project_info": {
    "project_number": "321868611211",
    "firebase_url": "https://gaip-d4ae7.firebaseio.com",
    "project_id": "gaip-d4ae7",
    "storage_bucket": "gaip-d4ae7.appspot.com"
  },
  "client": [
    {
      "client_info": {
        "mobilesdk_app_id": "1:321868611211:android:ebce435d19ec1e9f399e8e",
        "android_client_info": {
          "package_name": "com.datiustanzcorp.myapplication"
        }
      },
      "oauth_client": [
        {
          "client_id": "321868611211-tbpusi9p8iecd6c34n05eh872e14ttd2.apps.googleusercontent.com",
          "client_type": 1,
          "android_info": {
            "package_name": "com.datiustanzcorp.myapplication",
            "certificate_hash": "7474f59a47032855a682596807e4acab958daff3"
          }
        },
        {
          "client_id": "321868611211-e8a1hkma8mok26fbmge9pvjb0r6sni1s.apps.googleusercontent.com",
          "client_type": 3
        }
      ],
      "api_key": [
        {
          "current_key": "AIzaSyBxAE2H3gXpl2shfFctUrrf-I71tCo36-U"
        }
      ],
      "services": {
        "appinvite_service": {
          "other_platform_oauth_client": [
            {
              "client_id": "321868611211-e8a1hkma8mok26fbmge9pvjb0r6sni1s.apps.googleusercontent.com",
              "client_type": 3
            }
          ]
        }
      }
    }
  ],
  "configuration_version": "1"
}